{
  "features": [
    "Pregnancies",
    "Glucose",
    "BloodPressure",
    "SkinThickness",
    "Insulin",
    "BMI",
    "DiabetesPedigreeFunction",
    "Age"
  ],
  "best_model": "rf",
  "metrics": [
    {
      "model": "logreg",
      "accuracy": 0.7337662337662337,
      "precision": 0.6031746031746031,
      "recall": 0.7037037037037037,
      "f1": 0.6495726495726496
    },
    {
      "model": "rf",
      "accuracy": 0.7532467532467533,
      "precision": 0.6333333333333333,
      "recall": 0.7037037037037037,
      "f1": 0.6666666666666666
    }
  ],
  "feature_means": {
    "Pregnancies": 3.8192182410423454,
    "Glucose": 121.70163934426229,
    "BloodPressure": 72.14551607445009,
    "SkinThickness": 29.059225512528474,
    "Insulin": 149.07716049382717,
    "BMI": 32.44892561983471,
    "DiabetesPedigreeFunction": 0.477428338762215,
    "Age": 33.36644951140065
  },
  "feature_mins": {
    "Pregnancies": 0.0,
    "Glucose": 56.0,
    "BloodPressure": 24.0,
    "SkinThickness": 7.0,
    "Insulin": 15.0,
    "BMI": 18.2,
    "DiabetesPedigreeFunction": 0.084,
    "Age": 21.0
  },
  "feature_maxs": {
    "Pregnancies": 17.0,
    "Glucose": 199.0,
    "BloodPressure": 122.0,
    "SkinThickness": 99.0,
    "Insulin": 744.0,
    "BMI": 67.1,
    "DiabetesPedigreeFunction": 2.329,
    "Age": 81.0
  }
}